Game ID,Deadline
10002,2019-04-28 15:50:00
49028,2019-04-28 15:50:00
17069,2019-04-28 16:20:00
10203,2019-04-28 16:20:00
46272,2019-04-28 16:20:00
49835,2019-04-28 16:50:00
12701,2019-04-28 16:50:00
49558,2019-04-28 16:50:00
46829,2019-04-28 17:20:00
13488,2019-04-28 17:20:00
13487,2019-04-28 17:20:00
10916,2019-04-28 17:50:00
10189,2019-04-28 17:50:00
10917,2019-04-28 17:50:00
10193,2019-04-28 17:50:00
10195,2019-04-28 17:50:00
10194,2019-04-28 17:50:00
10186,2019-04-28 17:50:00
10971,2019-04-28 17:50:00
11493,2019-04-28 17:50:00
46828,2019-04-28 17:50:00
10232,2019-04-28 17:50:00
10192,2019-04-28 17:50:00
11526,2019-04-28 17:50:00
10908,2019-04-28 17:50:00
10914,2019-04-28 17:50:00
11488,2019-04-28 17:50:00
10909,2019-04-28 17:50:00
10190,2019-04-28 17:50:00
11496,2019-04-28 17:50:00
11517,2019-04-28 17:50:00
10973,2019-04-28 17:50:00
11507,2019-04-28 17:50:00
11825,2019-04-28 17:50:00
11831,2019-04-28 17:50:00
10220,2019-04-28 17:50:00
10202,2019-04-28 17:50:00
10200,2019-04-28 17:50:00
47751,2019-04-28 17:50:00
10207,2019-04-28 17:50:00
10204,2019-04-28 17:50:00
10199,2019-04-28 17:50:00
13127,2019-04-28 18:05:00
12689,2019-04-28 20:50:00
12458,2019-04-28 20:50:00
9283,2019-04-28 21:50:00
17078,2019-04-28 21:50:00
13855,2019-04-28 22:35:00
13128,2019-04-28 22:35:00
11828,2019-04-28 22:50:00
46291,2019-04-29 01:50:00
47961,2019-04-29 01:50:00
18864,2019-04-29 01:50:00
47965,2019-04-29 02:50:00
47951,2019-04-29 04:20:00
49831,2019-04-29 04:50:00
47939,2019-04-29 04:50:00
15844,2019-04-29 04:50:00
47963,2019-04-29 05:20:00
48869,2019-04-29 05:50:00
47959,2019-04-29 05:50:00
47947,2019-04-29 05:50:00
13135,2019-04-29 06:05:00
47945,2019-04-29 06:50:00
18877,2019-04-29 07:50:00
47937,2019-04-29 07:50:00
46319,2019-04-29 08:20:00
13136,2019-04-29 08:20:00
13131,2019-04-29 10:35:00
48882,2019-04-29 10:50:00
13858,2019-04-29 10:50:00
13134,2019-04-29 13:50:00
47949,2019-04-29 15:05:00
15819,2019-04-29 15:05:00
9645,2019-04-29 15:20:00
47941,2019-04-29 15:50:00
47955,2019-04-29 15:50:00
47953,2019-04-29 16:20:00
49830,2019-04-29 16:50:00
13854,2019-04-29 16:50:00
10974,2019-04-29 17:50:00
12379,2019-04-29 17:50:00
18866,2019-04-29 17:50:00
18901,2019-04-29 18:05:00
12383,2019-04-29 18:20:00
47755,2019-04-29 18:50:00
11829,2019-04-29 19:20:00
12700,2019-04-29 19:50:00
10210,2019-04-29 20:05:00
46287,2019-04-29 20:50:00
13124,2019-04-29 21:20:00
46273,2019-04-29 21:20:00
15536,2019-04-29 21:35:00
9277,2019-04-29 21:50:00
9270,2019-04-29 21:50:00
9271,2019-04-29 21:50:00
46935,2019-04-29 22:20:00
18856,2019-04-29 22:20:00
47746,2019-04-29 22:20:00
12703,2019-04-29 22:20:00
15541,2019-04-29 22:35:00
10911,2019-04-29 22:35:00
18863,2019-04-29 22:50:00
12457,2019-04-29 23:20:00
49545,2019-04-30 01:50:00
46376,2019-04-30 02:50:00
46271,2019-04-30 04:20:00
49804,2019-04-30 08:50:00
15540,2019-04-30 09:50:00
9282,2019-04-30 10:35:00
12704,2019-04-30 14:20:00
9642,2019-04-30 15:20:00
13857,2019-04-30 16:50:00
11824,2019-04-30 16:55:00
49832,2019-04-30 19:20:00
47069,2019-04-30 19:50:00
47957,2019-04-30 19:50:00
13489,2019-04-30 19:50:00
12827,2019-04-30 19:50:00
48144,2019-04-30 19:50:00
12404,2019-04-30 20:20:00
47071,2019-04-30 20:50:00
47073,2019-04-30 20:50:00
47933,2019-04-30 20:50:00
49848,2019-04-30 20:50:00
13118,2019-04-30 21:20:00
17084,2019-04-30 21:50:00
15538,2019-04-30 22:35:00
48928,2019-04-30 22:50:00
46290,2019-04-30 23:20:00
48890,2019-05-01 01:50:00
48140,2019-05-01 01:50:00
46277,2019-05-01 02:50:00
49432,2019-05-01 02:50:00
49535,2019-05-01 03:20:00
46323,2019-05-01 03:20:00
46315,2019-05-01 03:50:00
49589,2019-05-01 05:20:00
10137,2019-05-01 10:35:00
11504,2019-05-01 10:35:00
11439,2019-05-01 10:35:00
47311,2019-05-01 19:50:00
47309,2019-05-01 19:50:00
13133,2019-05-01 20:20:00
13126,2019-05-01 21:20:00
47307,2019-05-01 22:20:00
47305,2019-05-01 22:20:00
47743,2019-05-01 22:20:00
9641,2019-05-01 22:20:00
10854,2019-05-01 22:35:00
10869,2019-05-01 22:35:00
48866,2019-05-02 01:50:00
49546,2019-05-02 02:50:00
10201,2019-05-02 14:50:00
13856,2019-05-02 16:50:00
13482,2019-05-02 17:20:00
12380,2019-05-02 17:50:00
18855,2019-05-02 19:50:00
9640,2019-05-02 20:20:00
9286,2019-05-02 21:50:00
9287,2019-05-02 21:50:00
9280,2019-05-02 21:50:00
17081,2019-05-02 21:50:00
17079,2019-05-02 21:50:00
9281,2019-05-02 21:50:00
17082,2019-05-02 21:50:00
17080,2019-05-02 21:50:00
13486,2019-05-02 22:20:00
47528,2019-05-02 22:20:00
12384,2019-05-02 23:20:00
49548,2019-05-03 00:50:00
48936,2019-05-03 01:50:00
9399,2019-05-03 14:50:00
13485,2019-05-03 17:20:00
49829,2019-05-03 17:50:00
11826,2019-05-03 17:50:00
11509,2019-05-03 17:50:00
11527,2019-05-03 17:50:00
11501,2019-05-03 17:50:00
10918,2019-05-03 17:50:00
10206,2019-05-03 17:50:00
10205,2019-05-03 17:50:00
11830,2019-05-03 17:50:00
47749,2019-05-03 17:50:00
47750,2019-05-03 17:50:00
10921,2019-05-03 17:50:00
11499,2019-05-03 17:50:00
11500,2019-05-03 17:50:00
12403,2019-05-03 18:20:00
47758,2019-05-03 19:50:00
11823,2019-05-03 20:20:00
10234,2019-05-03 22:20:00
48865,2019-05-03 22:50:00
46289,2019-05-03 23:20:00
46299,2019-05-04 00:50:00
47935,2019-05-04 03:20:00
11827,2019-05-04 14:50:00
9647,2019-05-04 15:20:00
13130,2019-05-04 15:50:00
15834,2019-05-04 16:50:00
12702,2019-05-04 16:50:00
13841,2019-05-04 16:50:00
15818,2019-05-04 16:50:00
12705,2019-05-04 16:50:00
13860,2019-05-04 16:50:00
15830,2019-05-04 17:50:00
13862,2019-05-04 18:50:00
47943,2019-05-04 19:50:00
18883,2019-05-04 21:50:00
48900,2019-05-04 22:50:00
49547,2019-05-04 22:50:00
12381,2019-05-04 22:50:00
49549,2019-05-05 01:50:00
48138,2019-05-05 01:50:00
49550,2019-05-05 02:50:00
46292,2019-05-05 03:50:00
49551,2019-05-05 04:50:00
49813,2019-05-05 20:50:00
49758,2019-05-05 20:50:00
48147,2019-05-05 20:50:00
12707,2019-05-05 20:50:00
17063,2019-05-05 21:50:00
12706,2019-05-05 22:50:00
13129,2019-05-05 22:50:00
13859,2019-05-06 20:50:00
48497,2019-05-06 22:50:00
